{
    "path": "frame0_1.jpg",
    "height": 576,
    "width": 704,
    "all_points_x": [
        29.525499003702407,
        58.76315019381124,
        94.17009320326112,
        128.48055773779487,
        159.87738993587584,
        195.96980981414137,
        226.4066898806915,
        250.0225772009447,
        269.93660491440426,
        283.784091210048,
        288.41070443056753,
        310.7598109906595,
        330.0925348127736,
        343.3249412752116,
        363.96248952718184,
        392.655457919695,
        422.41112884526433,
        467.1473856351432,
        529.9833614288351,
        573.5879412259928,
        471.3434470671523,
        393.9435773190311,
        254.5692012350588,
        114.33762342108075
    ],
    "all_points_y": [
        527.8474096195584,
        522.1876020800079,
        512.2080099485681,
        505.0392997520562,
        497.3568375479187,
        486.8972693507135,
        477.8438534089446,
        469.99108891956195,
        462.6872749556098,
        459.12051911625633,
        453.3270303852106,
        456.06609270858337,
        458.87412949162115,
        469.01833360452616,
        488.2792378150852,
        509.56137411428625,
        531.6317376838281,
        564.1545565708501,
        606.478129848397,
        635.1963387271003,
        666.4370943993858,
        652.1885645292567,
        628.2139450320477,
        602.2856453299169
    ]
}