{"path": "frame0_1.jpg", "height": 576, "width": 704, "all_points_x": [0.710059171597635, 29.11242603550295, 78.81656804733731, 120.23668639053258, 148.04733727810657, 181.18343195266277, 213.7278106508876, 243.31360946745565, 277.04142011834324, 305.44378698224864, 327.33727810650896, 345.6804733727811, 358.6982248520711, 362.2485207100592, 384.733727810651, 404.26035502958587, 419.0532544378699, 442.7218934911243, 474.6745562130178, 507.81065088757407, 557.5147928994083, 626.7455621301776, 674.6745562130177, 703.5917159763314, 703.5917159763314, 579.4082840236688, 500.7100591715978, 359.28994082840245, 216.6863905325444, 72.30769230769235, 1.893491124260379], "all_points_y": [560.9467455621302, 549.7041420118344, 530.7692307692307, 514.2011834319526, 503.5502958579881, 487.57396449704135, 474.5562130177514, 461.5384615384615, 444.97041420118336, 430.7692307692307, 418.9349112426035, 408.284023668639, 402.3668639053254, 395.8579881656804, 394.6745562130177, 394.0828402366863, 401.775147928994, 417.1597633136094, 433.13609467455615, 449.7041420118343, 473.96449704142003, 504.7337278106508, 525.4437869822484, 538.4082840236686, 574.4082840236686, 573.96449704142, 573.3727810650887, 573.96449704142, 572.7810650887574, 573.96449704142, 573.96449704142]}